avg_fit,avg_gene, top_fit, top_gene, elite_fit, elite_gene
344.26,[ 0.1328865  -0.02634027  0.01324604],1351.8,[-0.36464097 -0.48704628 -0.87621156],1114.0,[ 0.21089504  0.13443861 -0.54160227]
639.544,[ 0.86475591 -0.58431639 -0.4852124 ],976.4,[ 1.10244788 -0.56440255 -0.62599965],960.8799999999999,[ 1.01553972 -0.56359091 -0.52909625]
661.8879999999999,[ 0.93308478 -0.50737092 -0.43063589],1301.8,[ 0.79882685 -0.52544235 -0.5481799 ],1175.64,[ 0.93116983 -0.51656211 -0.48937963]
648.0120000000002,[ 0.89722336 -0.41958339 -0.43789919],1151.0,[ 0.93884328 -0.31775146 -0.31574288],995.04,[ 0.83985178 -0.44502444 -0.37498136]
